<?xml version='1.0' encoding='UTF-8'?>
<l:dependencies xmlns:l='licenses' groupId='io.jenkins.plugins' artifactId='data-tables-api' version='2.1.8-1'><l:dependency name='DataTables.net API Plugin' groupId='io.jenkins.plugins' artifactId='data-tables-api' version='2.1.8-1' url='https://github.com/jenkinsci/data-tables-api-plugin'><l:description>Provides jQuery DataTables for Jenkins plugins.</l:description><l:license name='MIT license' url=''/></l:dependency><l:dependency name='Byte Buddy (without dependencies)' groupId='net.bytebuddy' artifactId='byte-buddy' version='1.14.18' url='https://bytebuddy.net/byte-buddy'><l:description>Byte Buddy is a Java library for creating Java classes at run time.
        This artifact is a build of Byte Buddy with all ASM dependencies repackaged into its own name space.</l:description><l:license name='Apache License, Version 2.0' url='https://www.apache.org/licenses/LICENSE-2.0.txt'/></l:dependency></l:dependencies>