<?xml version='1.0' encoding='UTF-8'?>
<l:dependencies xmlns:l='licenses' groupId='io.jenkins.plugins' artifactId='prism-api' version='1.29.0-18'><l:dependency name='Prism API Plugin' groupId='io.jenkins.plugins' artifactId='prism-api' version='1.29.0-18' url='https://github.com/jenkinsci/prism-api-plugin'><l:description>Provides Prism JS Source Code Highlighting for Jenkins plugins.</l:description><l:license name='MIT license' url=''/></l:dependency><l:dependency name='Structs Plugin' groupId='org.jenkins-ci.plugins' artifactId='structs' version='338.v848422169819' url='https://github.com/jenkinsci/structs-plugin'><l:description>Library plugin for DSL plugins that need names for Jenkins objects.</l:description><l:license name='MIT License' url='https://opensource.org/licenses/MIT'/></l:dependency><l:dependency name='ASM API Plugin' groupId='io.jenkins.plugins' artifactId='asm-api' version='9.7-33.v4d23ef79fcc8' url='https://github.com/jenkinsci/asm-api-plugin'><l:description>The Jenkins Plugins Parent POM Project</l:description><l:license name='MIT License' url='https://opensource.org/license/mit/'/></l:dependency><l:dependency name='SCM API Plugin' groupId='org.jenkins-ci.plugins' artifactId='scm-api' version='690.vfc8b_54395023' url='https://github.com/jenkinsci/scm-api-plugin/blob/master/docs/consumer.adoc'><l:description>The Jenkins Plugins Parent POM Project</l:description><l:license name='The MIT license' url='https://opensource.org/licenses/MIT'/></l:dependency><l:dependency name='Groovy Sandbox' groupId='org.kohsuke' artifactId='groovy-sandbox' version='1.34' url='https://github.com/jenkinsci/groovy-sandbox'><l:description>Executes untrusted Groovy script safely</l:description><l:license name='MIT License' url='https://opensource.org/licenses/MIT'/></l:dependency><l:dependency name='Script Security Plugin' groupId='org.jenkins-ci.plugins' artifactId='script-security' version='1341.va_2819b_414686' url='https://github.com/jenkinsci/script-security-plugin'><l:description>The Jenkins Plugins Parent POM Project</l:description><l:license name='MIT License' url='https://opensource.org/licenses/MIT'/></l:dependency></l:dependencies>